paperId,keywords
29ddc1f43f28af7c846515e32cc167bc66886d0c,"['task', 'parameters', 'transfer', 'nlp']"
58ed1fbaabe027345f7bb3a6312d41c5aac63e22,"['models', 'tasks', 'language', 'nlp']"
d6a083dad7114f3a39adc65c09bfbb6cf3fee9ea,"['nlp', 'hardware', 'networks', 'models']"
06d7cb8c8816360feb33c3367073e0ef66d7d0b0,"['instructions', 'nlp', 'models', 'tasks']"
5471114e37448bea2457b74894b1ecb92bbcfdf6,"['lms', 'biases', 'data', 'nlp']"
13c4e5a6122f3fa2663f63e49537091da6532f35,"['mwps', 'solvers', 'mwp', 'nlp']"
33ec7eb2168e37e3007d1059aa96b9a63254b4da,"['nlp', 'models', 'checklist', 'test']"
f4c4e148546089123f8da5db4fb246ab4062bd40,"['classification', 'detection', 'language', 'nlp']"
97906df07855b029b7aae7c2a1c6c5e8df1d531c,"['nlp', 'model', 'information', 'pipeline']"
d47a682723f710395454687319bb55635e653105,"['bias', 'nlp', 'systems', 'papers']"
c9b56cb026a38e39bb0228faac57accd6f65e6f7,"['attacks', 'nlp', 'textattack', 'code']"
0e141942fa265142f41a2a26eb17b6005d3af29e,"['language', 'languages', 'technologies', 'nlp']"
579476d19566efc842929ea6bdd18ab760c8cfa2,"['faithfulness', 'interpretation', 'evaluation', 'nlp']"
4fcfe83c05402b5c5fb6e853082e74af6379d7f9,"['reproduction', 'evaluations', 'study', 'nlp']"
03532123ccffae8d411264320e8a5ae2b6eddea0,"['dsp', 'rm', 'incontext', 'nlp']"
77a096d80eb4dd4ccd103d1660c5a5498f7d026b,"['model', 'creation', 'platform', 'nlp']"
087dd95e13efd47aef2a6582e6801b39fc0f83d8,"['models', 'benchmark', 'rationales', 'nlp']"
a747e8f2659df479c0092301b9658fc582423df1,"['nlp', 'languages', 'indonesia', 'research']"
598231eb906b183f7a2a408ef4536127e11e3de9,"['nlp', 'language', 'efforts', 'speakers']"
3a7bbc46795929f0eace82b64c44c92a48682fb5,"['framework', 'nlp', 'models', 'training']"
ce9ca56036307217ea565644d3d3bd74b879e045,"['language', 'models', 'model', 'nlp']"
be7cb8f79bc018e57467168fc0c7f8ad59bba04f,"['bugs', 'models', 'users', 'nlp']"
3caf34532597683c980134579b156cd0d7db2f40,"['model', 'triggers', 'models', 'nlp']"
b651d67502790e1d6d41c589e1d93e996ba7b935,"['models', 'scratch', 'tokens', 'nlp']"
d235a9085e0543fcbe502fbc269f9a8ee01dcbab,"['tasks', 'language', 'nlp', 'plms']"
011095a0082e5e301f9bf30267b193c1c9e7e370,"['models', 'nlp', 'language', 'datasets']"
e57aeb158a38ccf33d2f0f5a8f63f1209497e329,"['results', 'nlp', 'community', 'respondents']"
7fa273f450251523e6b7fcc2eb3fdbdfd4a30493,"['tasks', 'nlp', 'task', 'ability']"
185e7d2a761594451b02ace240356dadad2aef78,"['examples', 'training', 'tasks', 'nlp']"
d6f002d88638de71114dab083f0ea8ceea6b6a5a,"['models', 'work', 'nlp', 'bias']"
f72053903270d9a7f41108461ad04d5aa075218d,"['explanations', 'applicability', 'nlp', 'model']"
322d91190acd8ac8c64598f5126947b0485ba249,"['qra', 'method', 'reproducibility', 'nlp']"
472644c5f4155635cf9e9e37540bfa53c20e7610,"['instances', 'adversaries', 'sears', 'nlp']"
9b54941de1e21826ecc28b32730ac3f69991ede4,"['evaluation', 'nlp', 'systems', 'rg']"
8d0f755dea90f35f4b126a01fa3cce96b3bdd344,"['nlp', 'climate', 'impact', 'research']"
5e31fa4e69d1a3587230f5d134c0b7e2ed84a742,"['nlp', 'models', 'security', 'samples']"
7571ed4cf1bbdcf891b576a0da12c910b1f0c72f,"['model', 'predictions', 'attack', 'nlp']"
a0f788f6de0fb83d623c875a98120e3f347f70d1,"['nlp', 'models', 'systems', 'packages']"
f91dbd39d4c742ba675e447b04a0b0c70b33e836,"['models', 'nlp', 'robustness', 'applications']"
1109d62ebd2b29a7dc148bc30dd6cfc803a63dec,"['language', 'indolem', 'nlp', 'work']"
3cc2f69951cd24fe61be4cf32d62afbac297bc2b,"['biases', 'nlp', 'models', 'disability']"
11342d45911ee8a7c9e3a94117ce774ad7036172,"['domain', 'data', 'language', 'nlp']"
fa7b8acd47631bada5b66049824bfd335ac6bf8f,"['training', 'nlp', 'models', 't']"
353c88c231ce156d604e074af276422422fc73f7,"['nlp', 'race', 'work', 'research']"
28a5a53dafacebad8a7c47773079caeffb9a5baa,"['nlp', 'numbers', 'numeracy', 'systems']"
9b529fe170823f95509585d5aa39fa01a43558fd,"['legalai', 'professionals', 'tasks', 'nlp']"
9a0424bdd12cdcdf45b556b0b9dcc6fc5a55520b,"['implementation', 'control', 'order', 'nlp']"
68a3d32416977e88cf1bfa4ad548d403f5f089d6,"['backdoor', 'nlp', 'models', 'performance']"
10aa2be24951e6de76b630482a645d79354c4cde,"['metrics', 'differences', 'fairness', 'nlp']"
c30c0092bf4eb8a44faec3fc60cdd5006276bcdc,"['model', 'gnns', 'nlp', 'models']"
8dce62b18bdea587c07cb4769a05ca0a816d09ba,"['analysis', 'nlp', 'models', 'model']"
6ea4bd1d842d7ab689b7ceb22927e48b9e5ad786,"['nlp', 'models', 'tasks', 'backdoor']"
c50a909e20bd07f4aea09dc6dae539b45b406a96,"['bert', 'models', 'albert', 'nlp']"
e5d720767b7a539bb2edaa98eaf572a4506a79c6,"['crowdworkers', 'research', 'nlp', 'production']"
0427110f0e79f41e69a8eb00a3ec8868bac26a4f,"['numeracy', 'numbers', 'reasoning', 'nlp']"
2743e66939b30c43affb3c9e31f20cfac2109045,"['data', 'annotation', 'beliefs', 'nlp']"
ca115a9eb54e2875b9d4c4c3d5ed8adcb399dbf8,"['backdoor', 'defense', 'samples', 'nlp']"
9eea59c34f139f3d2153226c8cf026e975622074,"['datasets', 'nlp', 'ability', 'data']"
fafa541419b3756968fe5b3156c6f0257cb29c23,"['compositionality', 'nlp', 'methods', 'networks']"
1cf2e9e198feef3893da2800a7949f6880ddc084,"['systems', 'nlp', 'system', 'research']"
d88c1255876b62fb5f5a8b292098ca430710a540,"['nlp', 'language', 'models', 'knowledge']"
d1206ccabd1980848f14472d6548251c2fab7963,"['task', 'tasks', 'source', 'nlp']"
da5d78b3e3a1544fde98fba86088e1215e97cbe8,"['generation', 'tasks', 'models', 'nlp']"
e02a757617c2c42eb62889cc4d4aee3765928303,"['knowledge', 'sphere', 'nlp', 'tasks']"
30f233eecca2239ee1dd754914324092e53f8f19,"['leaderboards', 'nlp', 'model', 'models']"
c4cdf2e0d89aadb13bf9c61654ff9e17be2b01b9,"['attack', 'backdoor', 'nlp', 'applications']"
df7336844a31165db0ae08f1cd0f560c9e3faeea,"['models', 'attack', 'backdoor', 'nlp']"
00cd2650a89734105fa0c0aba3bf07935b318290,"['models', 'tasks', 'language', 'nlp']"
f9c602cc436a9ea2f9e7db48c77d924e09ce3c32,"['images', 'training', 'dataset', 'machine learning']"
4954fa180728932959997a4768411ff9136aac81,"['tensorflow', 'machine', 'state', 'machine learning']"
9c9d7247f8c51ec5a02b0d911d1d7b9e8160495d,"['interface', 'algorithms', 'implementation', 'machine learning']"
f9c990b1b5724e50e5632b94fdb7484ece8a6ce7,"['precipitation', 'problem', 'nowcasting', 'machine learning']"
597bd2e45427563cdf025e53a3239006aa364cfc,"['ogb', 'graph', 'datasets', 'machine learning']"
53b047e503f4c24602f376a774d653f7ed56c024,"['dnn', 'examples', 'attack', 'machine learning']"
e8b30ebe3351680c3b039555ae0a8d0865ad829b,"['networks', 'control', 'applications', 'machine learning']"
69a72ff5b30642d11c96635e99aadad3140d33a7,"['codexglue', 'datasets', 'research', 'machine learning']"
e2a85a6766b982ff7c8980e57ca6342d22493827,"['training', 'examples', 'models', 'machine learning']"
7eb733c8ac1b3d1dd8b50e066ddae10769e3b46e,"['machinelearning', 'mpc', 'parties', 'machine learning']"
9e27190f2d9b2167d4a66b88696def4585072fd5,"['soil', 'soilgrids', 'resolution', 'machine learning']"
2afa490dde7a8c582d889530c7f8b042fef6a8b7,"['simulation', 'accuracy', 'fluids', 'machine learning']"
62df84d6a4d26f95e4714796c2337c9848cc13b5,"['mxnet', 'expression', 'tensor', 'machine learning']"
c5c4142a01981787a71bf6ebcb791520c458ab5d,"['research', 'fedml', 'development', 'machine learning']"
696b388ee6221c6dbcfd647a06883b2bfee773d9,"['data', 'model', 'models', 'machine learning']"
31cf4c96c5dd4ac5a6bbb4ac7b6bab763651624a,"['results', 'dataset', 'prediction', 'machine learning']"
4d8f0ae904779a50b2e18fec49e51a5661a98d8a,"['machine', 'features', 'classifiers', 'machine learning']"
74b4f16c5ac91e3e7c88ae81cc8c91416b71d151,"['energy', 'carbon', 'machine', 'machine learning']"
9583ac53a19cdf0db81fef6eb0b63e66adbe2324,"['resilience', 'failures', 'sgd', 'machine learning']"
573fd2ce97c70bb29097e8efb28a27af791225ca,"['networks', 'network', 'sign', 'machine learning']"
f86f1748d1b6d22870f4347fd5d65314ba800583,"['performance', 'models', 'data', 'machine learning']"
f70b2f20be241f445a61f33c4b8e76e554760340,"['software', 'teams', 'microsoft', 'machine learning']"
b7a717233ec3ff37385ab1b06816d0ca375f5bb3,"['data', 'shapley', 'value', 'machine learning']"
d0ab11de3077490c80a08abd0fb8827bac84c454,"['scale', 'benchmark', 'machine', 'machine learning']"
71a85e735a3686bef8cce3725ae5ba82e2cabb1b,"['pipelines', 'domains', 'underspecification', 'machine learning']"
2bc3644ce4de7fce5812c1455e056649a47c1bbf,"['disease', 'prediction', 'techniques', 'machine learning']"
a0a79dad89857a96f8f71b14238e5237cbfc4787,"['preferences', 'benchmarks', 'agreement', 'llm']"
e2a58fd18961c3941102989e3a3d0d27c615e015,"['regions', 'language', 'tasks', 'llm']"
7a1e71cb1310c4a873e7a4e54d1a6dab0553adce,"['models', 'data', 'web', 'llm']"
929305892d4ddae575a0fc23227a8139f7681632,"['safety', 'models', 'failure', 'llm']"
2c5ab7d87e3342d2dba7d1d113ca1b16c545e344,"['quantization', 'awq', 'weights', 'llm']"
8f9e864fab09bbae4a46a2a62bb954db1a88eb3e,"['design', 'language', 'interactions', 'llm']"
003ef1cd670d01af05afa0d3c72d72228f494432,"['language', 'llms', 'planning', 'llm']"
1a4c6856292b8c64d19a812a77f0aa6fd47cb96c,"['autogen', 'llm', 'agents', 'applications']"
fa75a55760e6ea49b39b83cb85c99a22e1088254,"['modalities', 'content', 'nextgpt', 'llm']"
4be7d1524edb0137599a5cc95f72844b85a52fe1,"['performance', 'models', 'inference', 'llm']"
f406aceba4f29cc7cfbe7edb2f52f01374486589,"['llm', 'sentence', 'probability', 'statements']"
db4cf9f6a653d5c15973e836c800ea47743251ae,"['injection', 'applications', 'attack', 'llm']"
ec58a564fdda29e6a9a0a7bab5eeb4c290f716d7,"['evaluation', 'llms', 'language', 'llm']"
017010b941d902a467f6d329ae5e74fd67e67912,"['llms', 'language', 'models', 'llm']"
0983883619a0ca597d055d0e58da2f514052913d,"['module', 'llms', 'data', 'llm']"
bdb68c5e2369633b20e733774ac66eb4600c34d1,"['llms', 'methods', 'peft', 'llm']"
51db4c39dc0bdf5c95c8bbe89bf4211b48d0b4df,"['llms', 'quantization', 'parameter', 'llm']"
f51bc74814a3452009ea5ca262d9768d08149ee6,"['encoder', 'language', 'llm', 'text']"
43e6e8d6663d83f1b74cf5a2be7b040b0928f867,"['x2l', 'language', 'llms', 'llm']"
6bd3ee1ca608bc66a490f63f2fb107d79b44f3e2,"['quantization', 'methods', 'model', 'llm']"
993df7df129f8d18816877d69923d7df7b347d85,"['llms', 'pairranker', 'llmblender', 'llm']"
ccd94602e3acecf999d0c9ba62b1a8bc02e9f696,"['pandalm', 'evaluation', 'models', 'llm']"
e9ae0c76a71b8f302eb17b1c4462b9cc97d87cd0,"['diffusion', 'model', 'models', 'llm']"
38179848e2d6a3ad373b1793848816111428ac36,"['models', 'tasks', 'agi', 'llm']"
16f01c1b3ddd0b2abd5ddfe4fdb3f74767607277,"['time', 'series', 'models', 'llm']"
92930ed3560ea6c86d53cf52158bc793b089054d,"['safety', 'llms', 'harmlessness', 'llm']"
d1a6b3a5efde3783b53f822dc8dd00aaac934b95,"['tree', 'llm', 'language', 'models']"
54c68b8623505dc6bf7a0b08aaa77ca9165f2d7f,"['multimodality', 'image', 'imagebindllm', 'llm']"
34f9c825ba24889fa5e164ba9f99bfe4fc2f3e61,"['llm', 'self', 'defense', 'attacks']"
1ab91d6ac7afc1a0121487a9089fa70edc1634d4,"['safety', 'prompts', 'tokens', 'llm']"
22ebfc211d184ed615729378a43fde175bf14478,"['3d', 'pointbind', 'multimodality', 'llm']"
7637ed79d30d0139901175ae4abedd822c217ab4,"['3d', '3dllms', 'models', 'llm']"
ce212cb873a54e5716da53a66b10298ac013008a,"['laa', 'laas', 'llm', 'llms']"
e3052ebca5eeae6a8a73e44517903d39746f5f3a,"['models', 'data', 'instruction', 'llm']"
fb00016c1e048b9373803add001c1ec7e877cb23,"['llms', 'knowledge', 'llm', 'terms']"
ead6121fbc787d508dc6a6d7106f72bf0d647d03,"['framework', 'capabilities', 'models', 'llm']"
6628f9ee35e36cdfdcac8a46cef4dba8d529a83b,"['llms', 'agents', 'models', 'llm']"
30cc95639cffca4ffa8c0eafbc502636c0c88fa5,"['bliva', 'models', 'embeddings', 'llm']"
8b28792f8405b737229afb92c99c579b86d8aa98,"['llama', 'guard', 'model', 'llm']"
43e624ddeed82df944a6cae0dedec3372438e243,"['llm', 'inference', 'speculative', 'batch']"
5e4597eb21a393b23e473cf66cb5ae8b27cab03e,"['agent', 'tasks', 'experiences', 'llm']"
10a0541be17d10d922ffc68a3dae55a13d9c1ab9,"['nondeterminism', 'code', 'generation', 'llm']"
cd29c25c489562b409a60f83365f93f33ee1a0a1,"['llms', 'alignmentbreaking', 'attacks', 'llm']"
be383c607d4d357c763d2329ab71799c6e1393b4,"['text', 'detectors', 'integrity', 'llm']"
04fa3ebc4c0c0b4a2d2d1a3fc612134a05057696,"['attacks', 'injection', 'applications', 'llm']"
b428e9e0e8ac36b3ae29a7ab9b9554c39cedb283,"['llm', 'rails', 'nemo', 'guardrails']"
66d41e0f894dda2c37dd5bacbdd7bfd418e3350f,"['navigation', 'agent', 'instructions', 'llm']"
d84cf745c534c010b8e55e5a4a04878906848dc3,"['llm', 'data', 'work', 'tasks']"
6f75e8b61f13562237851d8119cb2f9d49e073fb,"['misinformation', 'llms', 'question', 'llm']"
c12b80b44d9acfe6cd92fdf965264c4b706c367c,"['llms', 'tools', 'data', 'llm']"
4f480bae3196dbbc27ab383bce33478ea963f9b3,"['evaluation', 'llmeval', 'method', 'llm']"
cd2f4aaf98bb1e020cff310000c8049d3460c54e,"['data', 'contamination', 'model', 'llm']"
8ee45aeb7c97e3346cc62f216f673b91277ac718,"['agents', 'tasks', 'language', 'llm']"
00e18c603e60d861c4e99c541e4d65ef442d5945,"['memory', 'data', 'dram', 'llm']"
cc78babfacce48e715dac56886d7dd9746cfcab0,"['llms', 'systems', 'llm', 'user']"
84725855d10b531eb8cbe54935dda0440c2fc750,"['evaluation', 'model', 'benchmarks', 'llm']"
9fcdbfdf28245010c875ce85502351fe05c04b49,"['llm', 'nlp', 'systems', 'collaboration']"
ce157cea880c9ab64de64f11a531202f5348fa05,"['biases', 'letters', 'llms', 'llm']"
98ce7af921e7c52d81df64d632d34eb09522cd75,"['agents', 'dylan', 'agent', 'llm']"
a22f3398ea865426c89ee66f4824ec626e56a864,"['llms', 'memory', 'unit', 'llm']"
7bc9607c5cf3fc817675d46844f529097d579514,"['llms', 'health', 'tasks', 'llm']"
0f4d00d01d43d3967ee92b58481b5ad530a944d1,"['news', 'recommendation', 'content', 'llm']"
11cf88dce827bd67cbfa60400306318022e736d5,"['data', 'training', 'selection', 'llm']"
c0aec04ee86c0724d61c976f19590fbe9c615723,"['applications', 'study', 'development', 'llm']"
0095acc4f2c3255cf38fdf844003c97858adb418,"['detectors', 'texts', 'detection', 'llm']"
a8b995f0da78a79447dfb18c2337972b044f4239,"['quantization', 'weights', 'models', 'llm']"
b85f3a66245d483f3eb3447eaf9950bd55f2b21e,"['testing', 'penetration', 'llms', 'llm']"
7a4fe2f003241ad97bf1778e527cb0306fa90da2,"['simulations', 'llm', 'caricature', 'work']"
da9b8b4073e6ad44b3da66e1e117cb1ddbf8836d,"['llm', 'relevance', 'rankers', 'labels']"
b61b260de1599e6e89491cad9160898fcd3b34c2,"['code', 'llms', 'software', 'llm']"
709af143f78bc62413c50ea1a7ee75b0702c4f59,"['target', 'llm', 'safety', 'llms']"
9e540662619327a3056d9e40bb58058868f6f805,"['models', 'recommendation', 'efficiency', 'llm']"
eda6756ab2844c390584686dc5e6385f4a8369cd,"['assertions', 'hardware', 'security', 'llm']"
0894585294c67193ff3190240554677b56fd79a0,"['langchain', 'attacks', 'applications', 'llm']"
1562390dd212516cd857009cbd4f857a902d1f3d,"['agents', 'tasks', 'simulations', 'llm']"
32524aa3ae8522542753ed7e6f4cca3970e4acab,"['object', 'navigation', 'lgx', 'llm']"
681253389d2cc27103753749f4c7556699d55471,"['model', 'llm', 'llms', 'knowledge']"
9db0247728950788a2b42097d81dc0e24eed6bb2,"['3d', 'language', 'llmgrounder', 'llm']"
0e9a44ce661c3535d5ce747912540080324489f5,"['llms', 'skills', 'llm', 'advancements']"
263a58f4fd32caca1dad2351af4d711aec451fe6,"['agents', 'role', 'attack', 'llm']"
16753e0317730e8c1b297338300a8c6163dd06f2,"['video', 'generation', 'llms', 'llm']"
be2b0396de9431bae931642516a1d3e4906329f5,"['llm', 'tasks', 'interaction', 'lowcode']"
529ff7d6441d244212cf2becafd12a7e67ac56d9,"['llms', 'tasks', 'entities', 'llm']"
cb3968152f7d93f53d24b00279a90d5071ddc85a,"['models', 'rlhf', 'diversity', 'llm']"
70ca38ad480c0be0eca89ccc4972d6cc9a5824da,"['llm', 'platforms', 'plugins', 'framework']"
139a0c7a60667979dcb57eae677f75ff3f0b0196,"['censorship', 'llms', 'problem', 'llm']"
dd4d82299b4209db539d639f836fcee663cf72b3,"['llms', 'hallucination', 'prompts', 'llm']"
91b2b47cabd800ef658b65bfe1f52b7293a740c3,"['data', 'languages', 'llms', 'llm']"
7c217cc7524251f42887438834912e06129c3299,"['model', 'size', 'data', 'llm']"
5645502d73c6907f1671923638773152e55bfb00,"['llms', 'studies', 'prompts', 'llm']"
3c8a456509e6c0805354bd40a35e3f2dbf8069b1,"['pytorch', 'speed', 'principles', 'deep learning']"
7aa38b85fa8cba64d6a4010543f6695dbf5f1386,"['networks', 'models', 'security', 'deep learning']"
f35de4f9b1a7c4d3fa96a0d2ab1bf8937671f6b6,"['uncertainty', 'learning', 'tools', 'deep learning']"
e9a986c8ff6c2f381d026fe014f6aaa865f34da7,"['privacy', 'techniques', 'networks', 'deep learning']"
5b6ec746d309b165f9f9def873a2375b6fb40f3d,"['inception', 'convolution', 'depthwise', 'deep learning']"
d997beefc0922d97202789d2ac307c55c2c52fba,"['network', 'data', 'point', 'deep learning']"
54ddb00fa691728944fd8becea90a373d21597cf,"['networks', 'training', 'regularization', 'deep learning']"
ff7bcaa4556cb13fc7bf03e477172493546172cd,"['uncertainty', 'model', 'tasks', 'deep learning']"
8674494bd7a076286b905912d26d47f7501c4046,"['point', 'pointnet', 'network', 'deep learning']"
2f65c6ac06bfcd992d4dd75f0099a072f5c3cc8c,"['networks', 'training', 'regularization', 'deep learning']"
811df72e210e20de99719539505da54762a11c6d,"['methods', 'rl', 'framework', 'deep learning']"
d6a083dad7114f3a39adc65c09bfbb6cf3fee9ea,"['hardware', 'nlp', 'networks', 'deep learning']"
b79e5e4622a95417deec313cd543617b19611bea,"['function', 'relu', 'classification', 'deep learning']"
c889d6f98e6d79b89c3a6adf8a921f88fa6ba518,"['model', 'learning', 'metalearning', 'deep learning']"
14014c024674991149f3ecf9314c93f7e029ef1a,"['learning', 'methods', 'principles', 'deep learning']"
69e76e16740ed69f4dc55361a3d319ac2f1293dd,"['reinforcement', 'learning', 'network', 'deep learning']"
024006d4c2a89f7acacc6e4438d156525b60a98f,"['algorithm', 'action', 'domain', 'deep learning']"
8388f1be26329fa45e5807e968a641ce170ea078,"['cnns', 'learning', 'networks', 'deep learning']"
2c03df8b48bf3fa39054345bafabfeff15bfd11d,"['nets', 'networks', 'layers', 'deep learning']"
0c00a328fa7cd56ee60338c54e89bd48310db80b,"['image', 'model', 'gaussian', 'deep learning']"
8ec5896b4490c6e127d1718ffc36a3439d84cb81,"['methods', 'generalization', 'largebatch', 'deep learning']"
c468bbde6a22d961829e1970e6ad5795e05418d1,"['features', 'similarity', 'metrics', 'deep learning']"
3b9732bb07dc99bde5e1f9f75251c6ea5039373e,"['algorithm', 'overestimations', 'qlearning', 'deep learning']"
31f9eb39d840821979e5df9f34a6e92dd9c879f2,"['pooling', 'network', 'localization', 'deep learning']"
e30d9b8ce108d982169621b88a5e3fb69fec70e1,"['crop', 'learning', 'disease', 'deep learning']"
150f95f9c73820e0a0fa1546140e9f2bdfd25954,"['graphs', 'networks', 'framework', 'deep learning']"
7340f090f8a0df5b109682e9f6d57e4b8ca1a2f7,"['domain', 'network', 'adaptation', 'deep learning']"
31f10a6f602bef0306ac37322f84f6163c8a8ecb,"['chexnet', 'radiologists', 'diseases', 'deep learning']"
2eda2921a8da4b325f9d05f556594a5884c398a7,"['training', 'performance', 'networks', 'deep learning']"
f9314fd99be5f2b1b3efcfab87197d578160d553,"['communication', 'deepsc', 'systems', 'deep learning']"
91e611c3e8705002438fb4439733e47ddec85b5d,"['library', 'learning', 'data', 'deep learning']"
68ff94fd4c6c93b2da78adcda53ff49ded9f8b2a,"['image', 'cs', 'imaging', 'deep learning']"
af9280741ef627f0d6c8437605d002d3bfc2d1b1,"['marginalization', 'perspective', 'approach', 'deep learning']"
0e779fd59353a7f1f5b559b9d65fa4bfe367890c,"['networks', 'data', 'structure', 'deep learning']"
07cca761749bfe21c2d096ff60f32b574d5c84c4,"['loss', 'functions', 'labels', 'deep learning']"
94deb62af3054c49e7d80bd7eb3ed5efe990fc0b,"['traffic', 'flow', 'prediction', 'deep learning']"
8760bc7631c0cb04e7138254e9fd6451b7def8ca,"['vision', 'data', 'tasks', 'deep learning']"
9954ec0a95fc0840f7712d7b0c67b242bb536a9e,"['covid19', 'patients', 'system', 'deep learning']"
d81fc968196e06ccafd7ea4c008b13e1cad1be64,"['graph', 'graphs', 'networks', 'deep learning']"
a29b7a000e6e1a2907ce6ae24a03aba5d9ef873f,"['image', 'cnn', 'detection', 'deep learning']"
53103ae318a19569ac82cee5062de2cf73bf386c,"['phonons', 'quantum', 'computing', 'quantum computing']"
6c260fb515bd0a75b4c49bd40ab7a7cf9c9262f5,"['quantum', 'levels', 'benchmark', 'quantum computing']"
ef35da3a3c471a6a15c7a3b09586483eb50cbef0,"['quantum', 'computers', 'algorithms', 'quantum computing']"
b000a4b30f6206f6cfb033a79aad1ba810c972a4,"['quantum', 'simulation', 'computers', 'quantum computing']"
b977e8de38dc0d13817bca1ed20036badfe2a58c,"['quantum', 'pulse', 'state', 'quantum computing']"
329d31f881a17861eedeef6a9d8fd509cddd2b7c,"['quantum', 'problems', 'benchmarks', 'quantum computing']"
6fed828456964d29517f6caf31b700d8aec82153,"['quantum', 'circuits', 'hardware', 'quantum computing']"
047286f5b9315a8e8bf56c4fc936e62f21495892,"['quantum', 'computing', 'internet', 'quantum computing']"
c2aab470b8cf92f090e0a3bac1794b21500585e6,"['quantum', 'computing', 'research', 'quantum computing']"
208ac1f2ec9bf367a9981fedb6d9ea6aa9889099,"['qubits', 'quantum', 'overheads', 'quantum computing']"
3a9f7c5bdd7f9560bf150332e97d6b1facdfce9b,"['hardware', 'quantum', 'quality', 'quantum computing']"
71ba8a8c75e0826f94eb53ee7a4566d4fc5b5256,"['quantum', 'computers', 'approach', 'quantum computing']"
3ea34401909978d3d3d0c25c8746e02c7d2a7c77,"['quantum', 'programs', 'approaches', 'quantum computing']"
bcc82ce554942880814243fc8c08a88b9d2aad09,"['quantum', 'technologies', 'ri', 'quantum computing']"
e576a2d97950b1f6831f88575dd3f370053f6af7,"['quantum', 'model', 'algorithms', 'quantum computing']"
3b87dafd5a412e25e06761f181ec199ca88a7398,"['bugs', 'quantum', 'platforms', 'quantum computing']"
6be56f559a74c0124526242e70cbdfd16cbc60a7,"['quantum', 'computing', 'approach', 'quantum computing']"
390bcf15a1b13cb0d5966859c35c69a31238e838,"['problem', 'circuits', 'quantum', 'quantum computing']"
f0eb17c6def9aaf95ef3c8ce12b9c3ceb9030274,"['quantum', 'ri', 'computing', 'quantum computing']"
43eea2a73997294193228d50f9ff25fc5345664b,"['quantum', 'algorithms', 'system', 'quantum computing']"
82973c5f56681190a0dbb4c4449ed60d5f805135,"['quantum', 'training', 'vqa', 'quantum computing']"
ade9a900acc3c138021070537840488526796d35,"['quantum', 'models', 'study', 'quantum computing']"
be082d70534db088315f2cc5b42c2fdcd58c1b8c,"['quantum', 'synthesis', 'layout', 'quantum computing']"
48c73c389c3f36d70407eb8309a0b41578c15fc8,"['quantum', 'provenance', 'computing', 'quantum computing']"
6c755fc901d0b41a5d73c265f64a5aacf62e83b8,"['graph', 'database', 'engines', 'graph database']"
a2a514ed839dafdd0fb76d6c2615f25f35bf8087,"['bugs', 'query', 'gdbmss', 'graph database']"
2c3eef2f17369912e330281d54b535675077e4ca,"['paths', 'query', 'results', 'graph database']"
e67a2817089312746d69b38ce9abfdc4b1bc69c3,"['gdbs', 'bugs', 'query', 'graph database']"
d1ae4ab5047489c2b010c7ce72262982ad66ad60,"['graph', 'workloads', 'bytedance', 'graph database']"
1cff064f815111a71a98afda7aee1867ad617901,"['data', 'epidemic', 'contact', 'graph database']"
a6b7b5dbd1eb6ac765cdb9c9f70b90aa11e45854,"['graph', 'query', 'millenniumdb', 'graph database']"
27beaa5db6c37c611f082855c6385b264874b8f5,"['sls', 'genes', 'gene', 'graph database']"
f4cfc7cbad257f1688772d59f694c16189dba811,"['query', 'techniques', 'storage', 'graph database']"
6a85b59bb66e9f70c6e201a265d58a7f3aeb3aeb,"['graph', 'knowledge', 'query', 'graph database']"
6b3756d32ab5b0a5715a5cfc3672290d2d643017,"['documents', 'data', 'extraction', 'graph database']"
0a71dd8bec060195e14eb9d0a7abbc08d960d4d5,"['development', 'data', 'research', 'graph database']"
5ea7bf772fecf95cbf53b2c7f719c9440322a115,"['data', 'analysis', 'network', 'graph database']"
09f54c64b39f5f7e7570f9f4ce3e3af544401e14,"['graph', 'database', 'students', 'graph database']"
db6084fdb3baceddacdc726474722debe1ef7e65,"['highlevel', 'graph', 'gsql', 'graph database']"
b0b770fb8c7760749c88e3c83ae173cdb07f7bd5,"['network', 'vulnerability', 'graph', 'graph database']"
91d6e8ba5dd90b02fe3bd870b19da13a6167af53,"['graph', 'database', 'property', 'graph database']"
b613887337a5d2e8fc8773037116be81e6346835,"['a1', 'data', 'rdma', 'graph database']"
6fb020754f6de564c3a0a07bb656c0a90be1f87d,"['information', 'data', 'system', 'graph database']"
33e332837e91c1048c3ed165cd16bf7607c3bf06,"['graph', 'work', 'database', 'graph database']"
72afe82af4c2ca100c36eb35292e85d806527f0a,"['typhoon', 'graph', 'knowledge', 'graph database']"
cde39ce861e4c7514ee07fd91b6b8aac50cbf01b,"['redisgraph', 'redis', 'graph', 'graph database']"
7904b3446775ed8c79f4f94001a16b706989c462,"['graphsetextsuperscript2', 'graph', 'search', 'graph database']"
ce54e3b89a2570035b70885e6901ad4c92ae41c9,"['power', 'projects', 'graph', 'graph database']"
b09139c153bac8893e8faea2b3a59159234caadc,"['network', 'graph', 'database', 'graph database']"
a281d563261c738f13b9e58a525e7e265a619c93,"['data', 'database', 'quantities', 'graph database']"
957f5b1e7ca48891c2e279aefbfa0f04d989c21e,"['business', 'intelligence', 'study', 'graph database']"
8ef0c1c2030aa265a4e7c836d080c2e2088efde6,"['graph', 'rdbms', 'system', 'graph database']"
9712624bb61abb0da989514cae558cfab61bb9d2,"['networks', 'influencers', 'relationships', 'graph database']"
dadfb3ff45e19dc22456a645f441bbeb17c93c9c,"['protein', 'sequences', 'tool', 'graph database']"
537f5e8e4139392cd2d108f32495e5b2b80151ac,"['data', 'cql', 'graph', 'graph database']"
099043827df60225cf33c820052716cce64d49e9,"['graph', 'facts', 'popularity', 'graph database']"
45674df7143e43bc589cfabd26dd194c2a7f090d,"['data', 'database', 'system', 'graph database']"
a0367346bc355c36badec2d2c47ce55a320cd75e,"['data', 'databases', 'nosql', 'graph database']"
223187cf10a24b62b9b0cf5b146cc83526df2ea5,"['graph', 'database', 'data', 'graph database']"
c2528e88d5554e9df9f9d482ad46cb5331c4d794,"['graph', 'knowledge', 'model', 'graph database']"
10b4b926904ad153f791ec680218e1610747a0c8,"['database', 'data', 'databases', 'graph database']"
f295157f37cfb43cd8d8d2690ea124edc5ea59c2,"['graph', 'systems', 'framework', 'graph database']"
dcbaf58b16ac7ef947879ea37c021466357b291a,"['relationships', 'data', 'mysql', 'graph database']"
32c1e0f9ef6f1e337fe4aa2a4907314e5a3f4a5b,"['subgraph', 'queries', 'graph', 'graph database']"
4cd033a56b19f87f6adfefeef5fcc990306ecf40,"['retrieval', 'ontology', 'data', 'graph database']"
9a0965beef113cc37491004b1848149e00300561,"['place', 'graph', 'model', 'graph database']"
5f7f10f913ecc478ff7ba304c265fd3c700b47d7,"['gdbs', 'erd', 'graph', 'graph database']"
ce3285bf1853f00c00535325851df5c33a0fc5d6,"['fragment', 'drug', 'discovery', 'graph database']"
448959eff044f02040ded5afd483b7c4e811b0ac,"['engineering', 'knowledge', 'graph', 'graph database']"
31d7d7b9c7b776c639316027e6ae5f2ff2673da2,"['graph', 'query', 'pattern', 'graph database']"
746a81aa26d3ebfb81acfd6af958d6a21603cd21,"['information', 'users', 'system', 'graph database']"
c6879e43828b293567f5e2da039d23845189d6a7,"['information', 'channels', 'cyber', 'graph database']"
e89c37b7c2ff465db43c4b9f674867ec4b98aa8b,"['events', 'statepigen', 'database', 'graph database']"
9ce948246c918e2c1846c3fc76d3e1c9ab1b0c2a,"['ingredients', 'application', 'graph', 'graph database']"
ce51eff5b529ee572dab1c1f38f20adc8e89bab2,"['graph', 'data', 'database', 'graph database']"
bbb52447f2f38aad9613ba026f88b57637ffcbea,"['data', 'knowledge', 'search', 'graph database']"
cf523942d56e90db182c5788845f6502da9a307d,"['gnss', 'road', '3d', 'graph database']"
2396dbcfe1f7f9dafc6696c3c06b16fd3029f7a0,"['power', 'grid', 'database', 'graph database']"
fb8e253b8b0358a7b95ddc9ac4c74f93513a9c53,"['graph', 'data', 'geabase', 'graph database']"
7676c02ea839ff1ceb6e5e1427c42bc45e169bde,"['model', 'data', 'database', 'graph database']"
704011527f183b561ea6a75b21e4cefe5aa77fca,"['book', 'metadata', 'recommendation', 'graph database']"
78b2d392ebb100a220ceab6529d26909b27eaa32,"['graph', 'database', 'data', 'graph database']"
b889b1d6944213bc2ca29e3ad07ee65ede20892d,"['graph', 'acaciastream', 'data', 'graph database']"
aa6c2afadd660fe4efbac699f7854e8f6f240c38,"['data', 'comorbid', 'diseases', 'graph database']"
8dd0c1e955c66092ff951941a151336211e6e171,"['data', 'sequence', 'sets', 'data management']"
28b5df48dd23ffc7e7d64fc43e2a420e05ab88f8,"['data', 'milvus', 'vector', 'data management']"
91bda0785eaf642515eefc9ff2ecd7ddbacaccae,"['data', 'classification', 'processing', 'data management']"
02fa2389b1b64b661192e224bed8af6df0ce80f6,"['iiot', 'data', 'equipment', 'data management']"
9f9afed22cdc73be627932270a9bcae341df99d4,"['observability', 'systems', 'importance', 'data management']"
cd5b4b113d5fa90b5dc5aa372111b89d18df88fb,"['research', 'data', 'management', 'data management']"
1ff76ab0fcf22110df62337d462e15d79a2a2593,"['data', 'edge', 'management', 'data management']"
b795c74a0150ec091003ffbaa5bd7d74487c137b,"['data', 'ads', 'management', 'data management']"
799d5a8271887adede035644d878c7bd555576df,"['data', 'management', 'analysis', 'data management']"
98b9086750f08a21c8778ab986339321e9caf790,"['iot', 'data', 'management', 'data management']"
2019cf49b51021a376f9833a53565513f0d8107b,"['model', 'scenario', 'cloud', 'data management']"
447884e7da189102189a156966623335c72199b0,"['ehr', 'data', 'health', 'data management']"
28cc044d5ba938472bc53d87240583982ad21663,"['data', 'solutions', 'systems', 'data management']"
e359e8960b0b09e8685a32927b7818f4b06ef881,"['data', 'management', 'solutions', 'data management']"
ff74bfbd9ebf4c54809873aecb04be27e9402cb8,"['dt', 'data', 'model', 'data management']"
2737a61f6557fe7bf53a608c668de2eff1f582f0,"['data', 'processing', 'gpus', 'data management']"
d7b820af40a9e2660ef700d39f7b2e27b43435c5,"['data', 'store', 'system', 'data management']"
9e66ae24a541255c2d931184498ee116ce81478a,"['iot', 'data', 'management', 'data management']"
3be6a57d6db95bba2962a1f3476414a0a9b230b5,"['data', 'healthcare', 'system', 'data management']"
5687c9e8da574453fd873662b95caec70dac9d1e,"['data', 'devices', 'framework', 'data management']"
b05306f0b142e5afb3974b1b79996e5b82653662,"['data', 'ddc', 'center', 'data management']"
676664ee7471738577f641e6159e7596625b7fdb,"['research', 'data', 'dmp', 'data management']"
eebf1a2705bf4ac256d141b0067f1b0ea1dc7632,"['data', 'learning', 'models', 'data management']"
6ba00c2386f2edc0b43eec442cd1923b5d964633,"['data', 'management', 'tool', 'data management']"
7af07490da518c8ef3cf2ae106071df2c2d0101e,"['quality', 'data', 'pghd', 'data management']"
cf41991d89301c3c12420d150792cb1163999962,"['scm', 'challenges', 'supply', 'data management']"
3b19ca7f051b7bd7ef0f2b1834c4823aca8a01c8,"['data', 'model', 'management', 'data management']"
6dd3e404aac097f63d42dc19fd08c7ec281f90b4,"['data', 'research', 'repositories', 'data management']"
925af6dcb0f8e6f3a5b2613400277be4b5434d10,"['data', 'systems', 'analytics', 'data management']"
d7fddafbbc372da4fa884f67bdc32db71b888806,"['data', 'viruses', 'fragments', 'data management']"
f6dab84c2c00ab92d8ee9d9359d7e530512114f9,"['data', 'finance', 'fbd', 'data management']"
9727206903eb40d4fa42606711bad3402f2ba9aa,"['data', 'management', 'iot', 'data management']"
b7f5973dbf2ef76fcc3aea616a7f72ca79f09020,"['data', 'shm', 'modeling', 'data modeling']"
aea731e7cf33aa3d482b13f42cedbc1adb3271c6,"['variation', 'label', 'labeling', 'data modeling']"
a2ec47b9bcc95d2456a8a42199233e5d9129ef18,"['embeddings', 'data', 'learning', 'data modeling']"
a85c45ce7c893388e8eafa8a653b042e1497db48,"['data', 'edge', 'forecasting', 'data modeling']"
73cbaf5f2441ef3478266b5438c0e90d1ae71652,"['data', 'model', 'inference', 'data modeling']"
d916776e0c6a04b0def4c22257c188776c2edab2,"['process', 'monitoring', 'plantwide', 'data modeling']"
8cb6b81d333f907a3d9d0aa4fb4859bf5984ef78,"['workshop', 'dtw', 'model', 'data modeling']"
b266510f5f9b40d42b51884ad13a1867fb3284fd,"['data', 'model', 'modeling', 'data modeling']"
244e08e109f6f4fa0f846977e1aef1e7b6a9e816,"['data', 'rvflns', 'process', 'data modeling']"
417326e51d78ba8bd2621f23e539b41bbdd336d6,"['data', 'process', 'modeling', 'data modeling']"
627d7d631fd4e0e2179f82199f014deb7ff0ea0b,"['data', 'programs', 'techniques', 'data modeling']"
72a6a5d5864eb915231c7128b90977f1d2acf6e9,"['model', 'data', 'network', 'data modeling']"
6dd481d5eb8d76d4b61a1829c7687d008e0937ab,"['data', 'plasma', 'pipeline', 'data modeling']"
d4ae73ac17c6bc8a537df2cebf50c9b4a6b420d5,"['data', 'enterprise', 'business', 'data modeling']"
eeac4411ae119c6c7ac33a11f762f2495b4dd960,"['heart', 'failure', 'records', 'data modeling']"
b6becea767675ea6ee43c78ce747077a5050019c,"['data', 'model', 'time', 'data modeling']"
ddc6e677715c03fe574319d3f80a3e1577bdbdd3,"['data', 'crosscorrelation', 'structure', 'data modeling']"
63adc1e5086481e36b19b62707a96b799da51e59,"['data', 'modeling', 'model', 'data modeling']"
fdc57c18f3b636c3273542327ae540217972558f,"['radiative', 'landscapes', '3d', 'data modeling']"
e3b94a5f28522e6825aff16ff07d56bd70d26c96,"['yang', 'data', 'language', 'data modeling']"
56ae2837b6cd4d143bbfa4a4b06811d70126106f,"['data', 'method', 'process', 'data modeling']"
818de553ecd306735971aba04bbfc29d17457084,"['clustering', 'data', 'approaches', 'data modeling']"
b4c929c703868b7f6bf7778c1e6f1a2baaac3ae0,"['rvfl', 'algorithms', 'networks', 'data modeling']"
2141334fad7248fc707607bc9453d44686ae07a7,"['data', 'team', 'sport', 'data modeling']"
8ba8a0d18a06752f5a39996ccf1e914da0941443,"['ri', 'polymers', 'values', 'data modeling']"
54a26f5ef4b0524c60249fe98d0fc3646b2791ad,"['power', 'switchedcapacitor', 'stability', 'data modeling']"
00bbc94806ca0821a9c82d8aedf16f0e6263b89f,"['drug', 'use', 'data', 'data modeling']"
f0f1627db35b4942e0f83069f20dd0948fc35d28,"['data', 'challenge', 'datasets', 'data modeling']"
b3f7359c6d5780972c5ea8db016a01f0c705aa01,"['models', 'glmmtmb', 'count', 'data modeling']"
7ed665355ac78bf0c394602dd9d26075195ce2f2,"['analysis', 'range', 'battery', 'data modeling']"
c665003881c3c35589d1e48da1ee7234b48f2ac8,"['data', 'xml', 'model', 'data modeling']"
633e2fbfc0b21e959a244100937c5853afca4853,"['sde', 'distribution', 'data', 'data modeling']"
91b9d3ab7532ea24ae70cd726355f25235b1fe8b,"['modeling', 'data', 'rules', 'data modeling']"
2e965b5d97c2d6fb4af284307735be39283792ba,"['models', 'diffusion', 'training', 'data modeling']"
4b06c7e29280b1c6bc05c9df39023b48fef02c93,"['transformers', 'size', 'data', 'big data']"
94deb62af3054c49e7d80bd7eb3ed5efe990fc0b,"['traffic', 'flow', 'prediction', 'big data']"
2a56bd89fd1a9457f0705142540ffc4396fad4f7,"['ibd', 'feature', 'data', 'big data']"
8894d431a768a35dc7ca4d762ebdba4f407b978c,"['data', 'px', 'resources', 'big data']"
b34fc78de28be598e21118d7cb9d84d63374addc,"['machine', 'algorithms', 'datasets', 'big data']"
391a5f286f814d852dddcab1b2b68e5c1af6c79e,"['data', 'model', 'sources', 'big data']"
156609022dd6258c60238859622da0a1683bd062,"['network', 'data', 'behaviors', 'big data']"
0e33833f5e2e2719edfba1d142eb4d27f96e799f,"['analysis', 'data', 'analytics', 'big data']"
18d87bff073687c025f9bd23ab2dfb20d5f72a66,"['data', 'storage', 'bim', 'big data']"
cc1e82125f7f8636b25ccdcdb63e8f812add7f87,"['channel', 'g', 'communications', 'big data']"
0026ea8a0fd31bdc959a4b9ed4d449f3015be8d1,"['data', 'management', 'analysis', 'big data']"
8c4cb10c6d40b8f1d570944269a0a2e680dd5eb6,"['learning', 'model', 'data', 'big data']"
ed9e7821b3e51c7e59183300d6c8cf90c8de0f26,"['data', 'crisis', 'pathways', 'big data']"
7f5cd5b1340ac06ea38bd05373c30136a6f4c1ca,"['data', 'issues', 'delivery', 'big data']"
02b1607af35b48f0bd716367caf6a7428b969369,"['accuracy', 'distribution', 'test', 'data processing']"
595101f13b961d69c553ce1ed24f60f3f1085e02,"['models', 'inference', 'recommendation', 'data processing']"
41d04aa3c25dcfbf1b44ce666c48759e03c216c7,"['machine', 'input', 'data', 'data processing']"
ada0b87cd5c30d31186c38fb12e631d29426a3bf,"['spark', 'sql', 'processing', 'data processing']"
f8056d942a1d8fe0ef73a6bd7758b3e12b0956fa,"['iot', 'cloud', 'data', 'data processing']"
febe776e285dc5e72c7e3ee697a87a794e1c00ff,"['data', 'cloud', 'processing', 'data processing']"
22c141b489e6e189f5996537b0a908fc10f90de7,"['data', 'transmission', 'fog', 'data processing']"
ac91892a8a6b6c3e97aa92b6fa8d54b42cade0ee,"['scheduling', 'rl', 'decima', 'data processing']"
f90f526b101cb8a0260f5165a3875928c58ae48a,"['time', 'series', 'data', 'data processing']"
d6bc29a897fd85e7187dc33c3c974b8879462237,"['edge', 'data', 'latency', 'data processing']"
8d942a3b52e2ad16ff8e5970be59591970d89fae,"['time', 'completion', 'data', 'data processing']"
d9a7fa7616a327367696e19b1846519745cd43ff,"['data', 'estimation', 'udp', 'data processing']"
4e746359afd6f81705b875d71cc499b904a320df,"['data', 'processing', 'scienceearth', 'data processing']"
5a32ebacd5c32d52734f9d2a2cfb5d0cdbe469e2,"['data', 'processing', 'edge', 'data processing']"
a8ee35c445c627bce7cb1b192a1ad7db2a98ea5b,"['data', 'panthera', 'memory', 'data processing']"
59c2968fb9672a7152c52127255d8f0784bc2368,"['development', 'applications', 'esp32', 'data processing']"
02a1e8e77f501675945890df45fbdc11726cb0ba,"['data', 'mimsunits', 'behavior', 'data processing']"
08764019e9762da527253b37b0ff39c46a4206b7,"['data', 'gdpr', 'security', 'data processing']"
15370f51d666ab8ef17185679553c6a8647b2a15,"['reliability', 'interunit', 'movement', 'data processing']"
665b0c776ff7507c32793f10ce9edf90bc2f674a,"['data', 'diffraction', 'electron', 'data processing']"
dcc8d6a87c69ca44cb6636d343347ddd6c8c3860,"['processing', 'network', 'data', 'data processing']"
2b061f7f108fdd4e90452aaaead574c7b4b5b780,"['processing', 'data', 'iot', 'data processing']"
bb5d26da72bfe7030dbc6650b686b210ae661f2c,"['architecture', 'data', 'processing', 'data processing']"
c1fdfcd4470c65aa1238d3a1719c60672c8a4f5b,"['data', 'manufacturing', 'process', 'data processing']"
2f44ab0e52eb98fdfc0086638887f175b6f2fe4b,"['performance', 'stream', 'systems', 'data processing']"
c2a448bb511ebae41a87e69891da8bbf17ddba3d,"['pipeline', 'dataprocessing', 'protein', 'data processing']"
1051abf1e3dae90241ad15b3f98f2e41197ee611,"['data', 'sensor', 'signs', 'data processing']"
1ee1d353d309eef7a74cfaebd4304c09d0f2b0d7,"['iiot', 'data', 'manner', 'data processing']"
1b3675fc0f2b16743b1e1f0c2f84829cfdb3d34f,"['applications', 'deepsense', 'noise', 'data processing']"
14fe35149aed6a47b6ebfd207deb7681b9446bb6,"['data', 'city', 'architecture', 'data processing']"
780c725848aac1118d00c8bb306719ec803369cd,"['time', 'control', 'framework', 'data processing']"
5371896313ac227eb819038dd55f213cb42b99e2,"['data', 'platform', 'processing', 'data processing']"
b4c9c134ad5bd4a037115df65411b4c49abe1322,"['framework', 'data', 'machine', 'data processing']"
6eb8caebbffc7e5b301b66dc36acad46b4dca5c9,"['data', 'vehicle', 'procedure', 'data processing']"
2dafea864f74a477414c3b71b742f7997e216102,"['edge', 'data', 'energy', 'data processing']"
86dbd884043eb5807c61d2c65b813e673b4a04fa,"['data', 'storage', 'sensors', 'data storage']"
24ab4e99e582c9770281eee0a39cbeb70ddd891a,"['dna', 'storage', 'information', 'data storage']"
b904dcdbd7c7b33938583f2f57d05ca70e121ea9,"['data', 'security', 'privacy', 'data storage']"
287a7da1801a07cf7fd85ffcc23c79504876ecc0,"['data', 'storage', 'chromosome', 'data storage']"
1e1cf81a1113482be3f0c280db994a832cb9426a,"['data', 'storage', 'repair', 'data storage']"
6544259ff6b335b1dcec75e031b6d57e5b9509f4,"['dna', 'demonstration', 'synthesis', 'data storage']"
fc61c7221350806c25379f385c27b2102ff8eb57,"['data', 'storage', 'dna', 'data storage']"
82663577cf1d08235bb56ad648c9dad36343ccfb,"['dna', 'synthesis', 'electrode', 'data storage']"
3b230f14c46e7e177e9bebb2ebc9f46b346b646d,"['data', 'iot', 'scheme', 'data storage']"
bb1118fb9fd86da6a2f65770353d8fb4362d9883,"['dna', 'data', 'methods', 'data storage']"
44786a2c2a8ba8cf5c74a8fb10098c220e924c56,"['data', 'vehicle', 'systems', 'data storage']"
639bfab64e2f35917d450013e136cb24c7755fad,"['data', 'storage', 'dna', 'data storage']"
649c3497e3b34b15a5011259fcb837cf6c1ac04a,"['data', 'storage', 'phase', 'data storage']"
f7b69b8babfa607f2e8b0371f24cb720a7a827d6,"['data', 'iot', 'storage', 'data storage']"
18d87bff073687c025f9bd23ab2dfb20d5f72a66,"['data', 'storage', 'bim', 'data storage']"
03aeb4520e760a906393aaf9c1bf4e526483d081,"['texmath', 'inlineformula', 'notationlatextt', 'data storage']"
147c868b721c8d29df7c61db7f2360114c760614,"['dna', 'molecules', 'information', 'data storage']"
8fcbd1cd1ee2211bd183b986900042470ee7f440,"['data', 'storage', 'edge', 'data storage']"
c84389369720dcd2f004c48e58fbac2c45c8f092,"['xindex', 'index', 'performance', 'data storage']"
3adb779bb37d22e3aa299364c2a337603801ca5c,"['data', 'storage', 'dna', 'data storage']"
fac67bf55456b52ac6e4f280ad953d0250c74ebc,"['mxene', 'memory', 'application', 'data storage']"
4bd3c9e1bb1ca2df62b66201616b8740300efd0a,"['cloud', 'computing', 'security', 'data storage']"
9a60d3c9d3a5b7f165325fca45bd418d651682d3,"['data', 'boafft', 'storage', 'data storage']"
08be4e23951a0def1c5d235befbb39c8d8d373a3,"['rbac', 'model', 'cloud', 'data storage']"
29279e52008848ee494f5af1b836313ab99c25ed,"['storage', 'data', 'blockchain', 'data storage']"
492c389d560d9db39c758d07e635408d2e0eaf7d,"['data', 'nosql', 'number', 'data storage']"
82a09f72d7b9587e3b519b1cd9640a5a611f3480,"['data', 'storage', 'blockchain', 'data storage']"
1986318d8a565fbff8fde545b8d0c2012c6462d8,"['data', 'dna', 'storage', 'data storage']"
4895c430c7810b45840b58cc9182f12143013a43,"['nanofiber', 'mats', 'data', 'data storage']"
0599f45e03ac2016321df0dd653ba4c0034c79d5,"['data', 'storage', 'bf', 'data storage']"
742747c7a453b293352b772d0d99541c96a351c3,"['data', 'cloud', 'storage', 'data storage']"
624b2f14be4287d6a400cdf88a6f911b434b182e,"['cloud', 'data', 'framework', 'data storage']"
54814b0669f20f07ec8d8c7e4fabddfadfe66b1a,"['storage', 'dna', 'system', 'data storage']"
11c3154d709c74dbbe702e7f7c46a37224f9cc36,"['data', 'server', 'iiot', 'data storage']"
94de6bab96ad533169dbc3bf9e6557581e59cb6f,"['solutions', 'blockchain', 'data', 'data storage']"
afe3e7d85e3eb46fe23f64518bb5f7006d5b1b84,"['research', 'iot', 'framework', 'data storage']"
cb12fe714dd4fa1d14b6a8023d494c14c89e90ea,"['data', 'edge', 'fog', 'data storage']"
9d788cfe4a0991d3b1a266c8329f6e903840b82f,"['data', 'access', 'latency', 'data storage']"
90e4330fed2da147dd41490e8ad638b618112b3d,"['techniques', 'computation', 'bitmatrix', 'data storage']"
695bdc6e24608364491b9418a220c65a7cd17413,"['data', 'rdf', 'sparql', 'data querying']"
92912dd895c360f01a6be9c9f6d207642139525e,"['data', 'adni', 'alzheimer', 'data querying']"
224c11bc51b4959bc787d6681c2b152468294b11,"['data', '3d', 'visualization', 'data querying']"
0ecf3f089e6dc7944b440227069b9d0143e18d78,"['speakql', 'sql', 'users', 'data querying']"
557ee73ff4e87ca0cb1b6c78af0730a2d94b710f,"['system', 'video', 'applications', 'data querying']"
1fa4936fb06319c3f4536c26a447d5507c92bd48,"['data', 'scheme', 'fog', 'data querying']"
8799ec4bdf98bc313aa8c41a706a385e026d1f88,"['web', 'data', 'sources', 'data querying']"
99ae62cca0b15275d9ed1528f345f9dcefe50dd7,"['data', 'query', 'representation', 'data querying']"
01bf0e83159712fbbbd12171a7e268547a4cfbc5,"['data', 'sources', 'support', 'data querying']"
8babcaf89f8537dc628a029ebf932100f57289fd,"['data', 'services', 'systems', 'data querying']"
d9c6b474fb2f303391b50c9fd59a5f2ce4becc0b,"['functions', 'data', 'requirement', 'data querying']"
b9f190339ce0b4cdad3464c45ec3266a7369fb7c,"['data', 'datalogmtl', 'access', 'data querying']"
ac67d5f9c89d8d72fbd074f94079608220348f3f,"['language', 'athena', 'query', 'data querying']"
538fbdb8013ab43a9b5d725461b294ad29fcced7,"['data', 'wukongs', 'stream', 'data querying']"
736ef8a32d6c5f76a21d61299300cf796480d507,"['data', 'sources', 'publishing', 'data querying']"
fa77a44f3f1857361a50c3137d623c35ef8a5739,"['data', 'graph', 'languages', 'data querying']"
7fe709ecc1e9d91ff80c5e8fa354bb1a773fa5f2,"['data', 'provenance', 'query', 'data querying']"
b3dbe1b460a3b66df1653508c9eed7dd51dee4d2,"['query', 'rdf', 'sparql', 'data querying']"
2374106a32169c07703599ff3f6f4b31e8067b89,"['knowledge', 'language', 'questions', 'data querying']"
da3f33d858586d24cb265e79eb54f3746e998f57,"['domain', 'data', 'experts', 'data querying']"
19b93280f17696a4ddfa2c75490a50ab107addf2,"['data', 'satellite', 'component', 'data querying']"
5b34752817bc0d6aa96466dabcbc24a83dd071fe,"['sparql', 'query', 'users', 'data querying']"
fd0496ab020acf366375615ab40235e6dd3c5897,"['web', 'data', 'queries', 'data querying']"
eb76aabdb294814d36b11f1d961f3a0fa2d04e57,"['redshift', 'query', 'spectrum', 'data querying']"
9312e5efa0dcef1445d45a41771f12e2a8dc6715,"['documents', 'data', 'collection', 'data querying']"
e4788ee4f5e90c6f42cedc5116acd2d6475c3180,"['data', 'query', 'sources', 'data querying']"
52e510271b172d098ec9b107a4159216ec08527e,"['queries', 'study', 'constraints', 'data querying']"
5e4141d4be74fe673f092036822f1312103b9294,"['data', 'sources', 'integration', 'data querying']"
d57f11ed40c3cdcbb36cb758191db4f2c9372965,"['data', 'rdf', 'sparql', 'data querying']"
a620ea8654f86b282e0d2c1fbc6616b90ca45bd1,"['data', 'algorithm', 'information', 'data querying']"
d280cf82a6144b3e168840802b1a8a14d4eaccb9,"['data', 'field', 'representation', 'data querying']"
cad72a86c97e1b9ae6afb0b3ba45b966cd42e7e5,"['rdf', 'query', 'amber', 'data querying']"
f5a843ccd7e4a74ada6f046fa1bbee6f5ba9213f,"['data', 'buyers', 'apis', 'data querying']"
0235c8697bf5ab8aef776d822746ce26fac0f7ba,"['query', 'lod', 'user', 'data querying']"
77a59de2e2b832321875cadcf9619dc313f02384,"['data', 'sparql', 'query', 'data querying']"
a5710a7a54b50c26f3c40c37a19b2ec63330e90b,"['cubes', 'olap', 'data', 'data querying']"
5cdb31c5e3e0aa4cc2d10229793b4911f69fd78f,"['data', 'freight', 'sources', 'data querying']"
b69a35662a2cac38eab22f4481285116bdf8c30e,"['stones', 'flexible', 'approach', 'data querying']"
343500e0052eb1b683f32b00efbbd1331c94184a,"['data', 'sparql', 'queries', 'data querying']"
1661d0d8d47cac41e01c59c60aac3675b4396698,"['data', 'module', 'datasets', 'data querying']"
dd2deed2ce6e110236a1280db765fa02c7488eb1,"['database', 'data', 'relations', 'data querying']"
8ab93bee04cd5bdbd96002b2e325d02f61ba695a,"['utility', 'algorithm', 'applications', 'data querying']"
1a37223175138bc1aa53b425ea2fdd0b382405a5,"['time', 'series', 'data', 'data querying']"
fb0aeed456bff8607fab2bf443e9d86d51c3dff6,"['data', 'kgs', 'sparql', 'data querying']"
a18f02e5c24e1f924aea268dd343bbdea234f2bb,"['landscape', 'chipatlas', 'data', 'data querying']"
4b9184937da308914b9e13c43bfd75845eaf910b,"['data', 'users', 'control', 'data querying']"
6db0f8d396371078590faa7b34ae2e0e1b154a60,"['data', 'information', 'graph', 'data querying']"
8b7b2e88207fc2dd849f5d83c9b6e890f0174abc,"['language', 'sparql', 'query', 'data querying']"
88a724083b2cfcc096448c28e6973c8f761ee463,"['data', 'rdf', 'approaches', 'data querying']"
f3eb8b6b836c0ef419e1fa565476e6892c8717ff,"['variants', 'covspectrum', 'sarscov2', 'data querying']"
519ffd9744de5638d8c950090f065923e0793a93,"['time', 'reachability', 'index', 'data querying']"
af13a92977d4f4dc5b28b13746d86111d42939e8,"['query', 'data', 'f1', 'data querying']"
b145f72d9abc4b2c48a46fd1bdc4476a4b5fa4f8,"['query', 'series', 'features', 'data querying']"
10cf0045bc0f58aa3699e4451f65b12a08019c5c,"['query', 'microblogs', 'system', 'data querying']"
0fa554d981809c5eb78956c779f75092c4f6c16b,"['catalogue', 'interface', 'pulsar', 'data querying']"
b5270b32a17fcc2e3dc209add6f4e4ba709b7358,"['knowledge', 'assumption', 'formalisms', 'data querying']"
0bca61986b8edeaf33018d0203b44110f2480110,"['haplor', 'r', 'package', 'data querying']"
2e7f532796eed2847d4c19e3cff03756049e81b4,"['subgraph', 'graph', 'study', 'data querying']"
834fdec542153aae5fe725df801aac87ba5e8f56,"['graph', 'research', 'query', 'data querying']"
819f2778eba0d4c9eea86307bedaaeed94dc751d,"['pathway', 'interactions', 'commons', 'data querying']"
87048df918c34b662bc0d28894efa430d70a9206,"['items', 'queries', 'query', 'data querying']"
7eaac9847257c32afd450017d1348ecda4dcaade,"['knowledge', 'ability', 'graphs', 'data querying']"
